{
  "msl": {
    "mean": 101567.40625,
    "std": 722.8699951171875
  },
  "u10": {
    "mean": 0.06508209556341171,
    "std": 2.823343276977539
  },
  "v10": {
    "mean": -0.2527993619441986,
    "std": 3.1904990673065186
  },
  "t2m": {
    "mean": 287.4195556640625,
    "std": 8.107023239135742
  },
  "ssh": {
    "mean": 224.66343548047672,
    "std": 30.21304992891658
  }
}